Date,Open,High,Low,Close,Volume,Symbol
2024-11-18 13:30:44.574131,150.0,151.77,150.58,151.57,1624074,AAPL
2024-11-19 13:30:44.574131,151.57,156.69,154.68,156.26,3832290,AAPL
2024-11-20 13:30:44.574131,156.26,155.71,154.15,154.87,2216968,AAPL
2024-11-21 13:30:44.574131,154.87,157.51,152.04,153.5,2164916,AAPL
2024-11-22 13:30:44.574131,153.5,150.94,149.1,150.47,2824279,AAPL
2024-11-23 13:30:44.574131,150.47,147.22,145.42,146.3,3056937,AAPL
2024-11-24 13:30:44.574131,146.3,144.94,143.11,144.78,1260206,AAPL
2024-11-25 13:30:44.574131,144.78,146.81,144.55,145.94,1390688,AAPL
2024-11-26 13:30:44.574131,145.94,146.93,144.23,144.25,1137554,AAPL
2024-11-27 13:30:44.574131,144.25,141.6,140.72,141.27,3650089,AAPL
2024-11-28 13:30:44.574131,141.27,144.72,140.05,141.93,4878338,AAPL
2024-11-29 13:30:44.574131,141.93,142.88,141.31,142.56,4687496,AAPL
2024-11-30 13:30:44.574131,142.56,142.73,140.2,142.31,4314950,AAPL
2024-12-01 13:30:44.574131,142.31,142.22,139.09,140.33,3170784,AAPL
2024-12-02 13:30:44.574131,140.33,141.85,140.35,141.31,1022088,AAPL
2024-12-03 13:30:44.574131,141.31,143.94,141.84,143.11,3916028,AAPL
2024-12-04 13:30:44.574131,143.11,141.21,140.31,140.78,2323592,AAPL
2024-12-05 13:30:44.574131,140.78,143.85,143.0,143.59,2300733,AAPL
2024-12-06 13:30:44.574131,143.59,147.98,145.89,146.0,1478376,AAPL
2024-12-07 13:30:44.574131,146.0,150.45,147.82,149.0,3245108,AAPL
2024-12-08 13:30:44.574131,149.0,151.3,145.07,148.97,1101676,AAPL
2024-12-09 13:30:44.574131,148.97,153.64,149.91,151.49,3034282,AAPL
2024-12-10 13:30:44.574131,151.49,151.44,148.67,150.9,1915192,AAPL
2024-12-11 13:30:44.574131,150.9,149.73,148.78,149.41,1644885,AAPL
2024-12-12 13:30:44.574131,149.41,152.73,151.42,152.23,4570235,AAPL
2024-12-13 13:30:44.574131,152.23,155.97,153.59,153.86,4584365,AAPL
2024-12-14 13:30:44.574131,153.86,152.28,151.19,151.78,4272059,AAPL
2024-12-15 13:30:44.574131,151.78,151.33,146.9,147.41,1888431,AAPL
2024-12-16 13:30:44.574131,147.41,147.65,146.24,146.48,3075162,AAPL
2024-12-17 13:30:44.574131,146.48,149.13,145.66,147.73,4887128,AAPL
2024-12-18 13:30:44.574131,147.73,142.18,142.05,142.14,1205915,AAPL
2024-12-19 13:30:44.574131,142.14,149.92,148.83,149.21,1958247,AAPL
2024-12-20 13:30:44.574131,149.21,150.93,147.48,149.18,1950550,AAPL
2024-12-21 13:30:44.574131,149.18,152.72,149.4,151.5,3529223,AAPL
2024-12-22 13:30:44.574131,151.5,156.71,151.84,153.35,1163100,AAPL
2024-12-23 13:30:44.574131,153.35,154.28,150.37,151.69,1066351,AAPL
2024-12-24 13:30:44.574131,151.69,147.17,145.5,147.07,3763750,AAPL
2024-12-25 13:30:44.574131,147.07,149.45,148.29,148.53,1550083,AAPL
2024-12-26 13:30:44.574131,148.53,146.75,145.09,146.28,4268888,AAPL
2024-12-27 13:30:44.574131,146.28,144.7,139.13,142.75,1967409,AAPL
2024-12-28 13:30:44.574131,142.75,144.69,141.79,143.57,3903822,AAPL
2024-12-29 13:30:44.574131,143.57,140.71,138.14,139.85,1336559,AAPL
2024-12-30 13:30:44.574131,139.85,141.74,138.11,140.74,3607845,AAPL
2024-12-31 13:30:44.574131,140.74,143.18,140.78,142.14,1948996,AAPL
2025-01-01 13:30:44.574131,142.14,146.7,144.1,145.5,3630451,AAPL
2025-01-02 13:30:44.574131,145.5,148.05,146.56,146.78,2470863,AAPL
2025-01-03 13:30:44.574131,146.78,145.42,144.13,144.24,4568186,AAPL
2025-01-04 13:30:44.574131,144.24,147.05,144.52,145.3,3010548,AAPL
2025-01-05 13:30:44.574131,145.3,148.53,143.7,144.6,2123089,AAPL
2025-01-06 13:30:44.574131,144.6,142.25,142.0,142.19,1708442,AAPL
2025-01-07 13:30:44.574131,142.19,142.64,140.96,141.63,4854479,AAPL
2025-01-08 13:30:44.574131,141.63,142.13,140.39,141.49,2540390,AAPL
2025-01-09 13:30:44.574131,141.49,141.5,140.0,140.3,4744619,AAPL
2025-01-10 13:30:44.574131,140.3,137.74,134.46,136.88,1388705,AAPL
2025-01-11 13:30:44.574131,136.88,138.67,136.61,137.1,3788062,AAPL
2025-01-12 13:30:44.574131,137.1,140.04,136.79,138.71,2174367,AAPL
2025-01-13 13:30:44.574131,138.71,140.93,139.49,140.21,4193180,AAPL
2025-01-14 13:30:44.574131,140.21,153.09,149.59,151.08,4183170,AAPL
2025-01-15 13:30:44.574131,151.08,151.34,149.04,150.2,3313120,AAPL
2025-01-16 13:30:44.574131,150.2,149.63,148.77,149.57,3170578,AAPL
2025-01-17 13:30:44.574131,149.57,154.14,150.98,151.7,1508242,AAPL
2025-01-18 13:30:44.574131,151.7,157.5,154.88,155.08,1863284,AAPL
2025-01-19 13:30:44.574131,155.08,153.22,152.82,152.89,3162540,AAPL
2025-01-20 13:30:44.574131,152.89,153.03,149.72,150.97,4903408,AAPL
2025-01-21 13:30:44.574131,150.97,145.2,143.97,144.93,2755885,AAPL
2025-01-22 13:30:44.574131,144.93,148.61,145.03,147.48,1693177,AAPL
2025-01-23 13:30:44.574131,147.48,147.1,143.57,146.15,3640789,AAPL
2025-01-24 13:30:44.574131,146.15,147.96,144.97,147.41,3446882,AAPL
2025-01-25 13:30:44.574131,147.41,143.69,141.19,143.0,1057573,AAPL
2025-01-26 13:30:44.574131,143.0,141.38,138.41,141.05,1391336,AAPL
2025-01-27 13:30:44.574131,141.05,133.33,131.64,131.97,2594018,AAPL
2025-01-28 13:30:44.574131,131.97,130.73,127.04,128.75,1181216,AAPL
2025-01-29 13:30:44.574131,128.75,134.43,130.98,132.52,3634774,AAPL
2025-01-30 13:30:44.574131,132.52,132.88,132.54,132.62,3343102,AAPL
2025-01-31 13:30:44.574131,132.62,133.86,130.87,132.98,2833011,AAPL
2025-02-01 13:30:44.574131,132.98,130.65,129.67,129.76,2544410,AAPL
2025-02-02 13:30:44.574131,129.76,131.36,130.28,130.55,4379501,AAPL
2025-02-03 13:30:44.574131,130.55,130.13,128.87,129.33,3786948,AAPL
2025-02-04 13:30:44.574131,129.33,132.13,130.65,131.72,2128138,AAPL
2025-02-05 13:30:44.574131,131.72,134.18,132.5,133.45,4227338,AAPL
2025-02-06 13:30:44.574131,133.45,133.61,131.75,133.46,2363214,AAPL
2025-02-07 13:30:44.574131,133.46,133.99,131.36,131.94,4018171,AAPL
2025-02-08 13:30:44.574131,131.94,135.48,134.53,135.46,2556806,AAPL
2025-02-09 13:30:44.574131,135.46,135.05,133.86,134.68,4800247,AAPL
2025-02-10 13:30:44.574131,134.68,135.81,133.91,135.01,2172843,AAPL
2025-02-11 13:30:44.574131,135.01,142.42,139.04,140.73,4009498,AAPL
2025-02-12 13:30:44.574131,140.73,143.45,142.54,142.56,1230235,AAPL
2025-02-13 13:30:44.574131,142.56,143.0,137.59,140.07,4550816,AAPL
2025-02-14 13:30:44.574131,140.07,138.27,137.26,137.83,3472872,AAPL
2025-02-15 13:30:44.574131,137.83,136.93,136.06,136.34,4287440,AAPL
2025-02-16 13:30:44.574131,136.34,135.44,133.17,135.13,4251198,AAPL
2025-02-17 13:30:44.574131,135.13,132.26,129.6,131.39,1334002,AAPL
2025-02-18 13:30:44.574131,131.39,134.22,131.14,132.27,1444789,AAPL
2025-02-19 13:30:44.574131,132.27,132.31,131.91,131.91,2874642,AAPL
2025-02-20 13:30:44.574131,131.91,133.93,132.14,132.83,4848690,AAPL
2025-02-21 13:30:44.574131,132.83,138.95,135.81,136.97,4474396,AAPL
2025-02-22 13:30:44.574131,136.97,137.67,137.52,137.65,4877210,AAPL
2025-02-23 13:30:44.574131,137.65,138.68,135.04,135.59,3782994,AAPL
2025-02-24 13:30:44.574131,135.59,142.59,140.27,141.5,1181785,AAPL
2025-02-25 13:30:44.574131,141.5,142.25,140.7,142.09,3480530,AAPL
2025-02-26 13:30:44.574131,142.09,140.61,136.81,139.77,3334624,AAPL
2025-02-27 13:30:44.574131,139.77,141.02,137.87,138.37,4255180,AAPL
2025-02-28 13:30:44.574131,138.37,136.63,134.16,135.96,4730913,AAPL
2025-03-01 13:30:44.574131,135.96,141.11,140.61,141.01,4242213,AAPL
2025-03-02 13:30:44.574131,141.01,138.09,136.09,136.25,2659278,AAPL
2025-03-03 13:30:44.574131,136.25,139.84,139.61,139.69,4458889,AAPL
2025-03-04 13:30:44.574131,139.69,139.84,139.14,139.77,2802176,AAPL
2025-03-05 13:30:44.574131,139.77,143.52,140.82,141.58,3686802,AAPL
2025-03-06 13:30:44.574131,141.58,139.06,136.85,137.31,3081230,AAPL
2025-03-07 13:30:44.574131,137.31,135.48,133.22,135.32,4408726,AAPL
2025-03-08 13:30:44.574131,135.32,143.44,140.62,140.97,1536060,AAPL
2025-03-09 13:30:44.574131,140.97,145.92,142.51,143.78,1851856,AAPL
2025-03-10 13:30:44.574131,143.78,149.47,145.15,146.89,4616634,AAPL
2025-03-11 13:30:44.574131,146.89,141.26,137.91,140.97,4134612,AAPL
2025-03-12 13:30:44.574131,140.97,147.65,143.16,145.64,2836543,AAPL
2025-03-13 13:30:44.574131,145.64,145.56,144.96,145.55,2315006,AAPL
2025-03-14 13:30:44.574131,145.55,142.77,141.3,141.82,1727520,AAPL
2025-03-15 13:30:44.574131,141.82,140.27,138.82,139.23,2895846,AAPL
2025-03-16 13:30:44.574131,139.23,137.24,135.83,136.55,1708041,AAPL
2025-03-17 13:30:44.574131,136.55,136.38,134.2,134.46,2457079,AAPL
2025-03-18 13:30:44.574131,134.46,139.86,138.83,139.81,4494314,AAPL
2025-03-19 13:30:44.574131,139.81,141.67,139.6,140.47,3993038,AAPL
2025-03-20 13:30:44.574131,140.47,139.85,138.67,139.05,3473019,AAPL
2025-03-21 13:30:44.574131,139.05,133.55,129.81,132.72,3989883,AAPL
2025-03-22 13:30:44.574131,132.72,134.74,130.18,134.32,1428688,AAPL
2025-03-23 13:30:44.574131,134.32,139.49,134.02,137.39,1969882,AAPL
2025-03-24 13:30:44.574131,137.39,137.31,134.51,135.38,1479048,AAPL
2025-03-25 13:30:44.574131,135.38,132.81,131.32,132.52,3716409,AAPL
2025-03-26 13:30:44.574131,132.52,134.53,132.47,132.57,3347364,AAPL
2025-03-27 13:30:44.574131,132.57,130.93,128.29,130.35,1510321,AAPL
2025-03-28 13:30:44.574131,130.35,129.91,126.95,128.13,2424386,AAPL
2025-03-29 13:30:44.574131,128.13,133.13,132.92,133.09,1948907,AAPL
2025-03-30 13:30:44.574131,133.09,132.07,130.65,131.43,1693494,AAPL
2025-03-31 13:30:44.574131,131.43,132.45,128.34,129.22,4929514,AAPL
2025-04-01 13:30:44.574131,129.22,129.83,127.92,128.67,1683550,AAPL
2025-04-02 13:30:44.574131,128.67,131.37,130.4,130.68,3227051,AAPL
2025-04-03 13:30:44.574131,130.68,127.06,125.54,126.38,2294716,AAPL
2025-04-04 13:30:44.574131,126.38,128.24,124.38,127.88,1969638,AAPL
2025-04-05 13:30:44.574131,127.88,129.77,127.79,128.61,1617450,AAPL
2025-04-06 13:30:44.574131,128.61,127.86,122.4,124.4,1207294,AAPL
2025-04-07 13:30:44.574131,124.4,122.79,121.09,122.32,2018562,AAPL
2025-04-08 13:30:44.574131,122.32,122.31,120.04,120.97,3382554,AAPL
2025-04-09 13:30:44.574131,120.97,115.97,114.39,115.05,4322477,AAPL
2025-04-10 13:30:44.574131,115.05,114.84,114.54,114.64,1724932,AAPL
2025-04-11 13:30:44.574131,114.64,115.08,113.56,114.9,1559089,AAPL
2025-04-12 13:30:44.574131,114.9,116.23,114.86,115.54,1654623,AAPL
2025-04-13 13:30:44.574131,115.54,117.0,116.17,116.51,2435321,AAPL
2025-04-14 13:30:44.574131,116.51,121.73,120.25,121.41,4266397,AAPL
2025-04-15 13:30:44.574131,121.41,117.69,114.34,116.52,3990437,AAPL
2025-04-16 13:30:44.574131,116.52,117.59,115.74,115.76,4598298,AAPL
2025-04-17 13:30:44.574131,115.76,120.34,117.46,117.73,1467592,AAPL
2025-04-18 13:30:44.574131,117.73,119.81,118.93,119.61,2339622,AAPL
2025-04-19 13:30:44.574131,119.61,120.98,119.72,120.48,4575570,AAPL
2025-04-20 13:30:44.574131,120.48,126.62,125.5,126.01,2246888,AAPL
2025-04-21 13:30:44.574131,126.01,129.26,128.07,128.17,4049834,AAPL
2025-04-22 13:30:44.574131,128.17,127.45,125.95,127.0,4285029,AAPL
2025-04-23 13:30:44.574131,127.0,127.62,125.82,126.38,1917005,AAPL
2025-04-24 13:30:44.574131,126.38,128.63,126.16,127.4,3564590,AAPL
2025-04-25 13:30:44.574131,127.4,130.93,127.52,128.52,1726390,AAPL
2025-04-26 13:30:44.574131,128.52,125.6,124.33,125.38,2603405,AAPL
2025-04-27 13:30:44.574131,125.38,127.16,126.73,127.09,3023554,AAPL
2025-04-28 13:30:44.574131,127.09,124.54,124.23,124.29,4488495,AAPL
2025-04-29 13:30:44.574131,124.29,125.53,124.02,124.62,3828954,AAPL
2025-04-30 13:30:44.574131,124.62,125.56,123.82,125.24,3426860,AAPL
2025-05-01 13:30:44.574131,125.24,129.96,128.02,129.3,4939364,AAPL
2025-05-02 13:30:44.574131,129.3,132.31,128.36,129.04,2596010,AAPL
2025-05-03 13:30:44.574131,129.04,129.24,127.39,128.69,3149582,AAPL
2025-05-04 13:30:44.574131,128.69,124.78,123.72,124.5,2387812,AAPL
2025-05-05 13:30:44.574131,124.5,125.79,123.4,123.72,1563428,AAPL
2025-05-06 13:30:44.574131,123.72,120.07,118.48,120.07,2675701,AAPL
2025-05-07 13:30:44.574131,120.07,120.4,117.36,119.57,1052377,AAPL
2025-05-08 13:30:44.574131,119.57,123.57,121.69,122.33,4844281,AAPL
2025-05-09 13:30:44.574131,122.33,123.08,118.6,121.73,1268305,AAPL
2025-05-10 13:30:44.574131,121.73,122.89,121.11,121.93,4592217,AAPL
2025-05-11 13:30:44.574131,121.93,121.26,120.56,120.6,3259364,AAPL
2025-05-12 13:30:44.574131,120.6,121.0,116.17,119.35,2763050,AAPL
2025-05-13 13:30:44.574131,119.35,124.92,121.96,122.38,4447142,AAPL
2025-05-14 13:30:44.574131,122.38,121.71,120.89,121.53,2082978,AAPL
2025-05-15 13:30:44.574131,121.53,120.98,117.78,118.89,1108383,AAPL
2025-05-16 13:30:44.574131,118.89,122.83,121.09,121.98,3687570,AAPL
2025-05-17 13:30:44.574131,121.98,121.35,119.28,120.76,1397765,AAPL
2025-05-18 13:30:44.574131,120.76,123.54,121.39,122.54,4422785,AAPL
2025-05-19 13:30:44.574131,122.54,123.13,120.4,121.72,2172590,AAPL
2025-05-20 13:30:44.574131,121.72,125.33,121.1,123.28,4570686,AAPL
2025-05-21 13:30:44.574131,123.28,123.33,121.19,122.05,3361179,AAPL
2025-05-22 13:30:44.574131,122.05,119.57,117.0,118.67,2637646,AAPL
2025-05-23 13:30:44.574131,118.67,115.72,113.55,113.79,4054423,AAPL
2025-05-24 13:30:44.574131,113.79,114.73,113.59,113.63,4199421,AAPL
2025-05-25 13:30:44.574131,113.63,112.92,112.51,112.86,3533912,AAPL
2025-05-26 13:30:44.574131,112.86,109.73,108.6,109.05,4339720,AAPL
2025-05-27 13:30:44.574131,109.05,109.53,108.56,109.15,1073562,AAPL
2025-05-28 13:30:44.574131,109.15,109.26,106.91,107.5,3216712,AAPL
2025-05-29 13:30:44.574131,107.5,110.29,109.49,109.77,3402067,AAPL
2025-05-30 13:30:44.574131,109.77,113.11,111.41,111.98,4657647,AAPL
2025-05-31 13:30:44.574131,111.98,109.3,107.24,107.92,1665133,AAPL
2025-06-01 13:30:44.574131,107.92,108.4,107.81,108.03,3412608,AAPL
2025-06-02 13:30:44.574131,108.03,108.26,105.77,106.76,3876183,AAPL
2025-06-03 13:30:44.574131,106.76,104.52,102.1,103.93,2904201,AAPL
2025-06-04 13:30:44.574131,103.93,105.2,104.1,105.0,1124732,AAPL
2025-06-05 13:30:44.574131,105.0,107.17,104.91,106.53,1205703,AAPL
2025-06-06 13:30:44.574131,106.53,112.14,110.75,112.03,1426393,AAPL
2025-06-07 13:30:44.574131,112.03,110.71,110.14,110.51,2981965,AAPL
2025-06-08 13:30:44.574131,110.51,111.16,108.41,109.18,4197663,AAPL
2025-06-09 13:30:44.574131,109.18,109.19,107.01,108.01,3360922,AAPL
2025-06-10 13:30:44.574131,108.01,106.76,106.41,106.49,1740531,AAPL
2025-06-11 13:30:44.574131,106.49,109.02,107.74,107.87,3928899,AAPL
2025-06-12 13:30:44.574131,107.87,110.31,108.22,109.13,1998672,AAPL
2025-06-13 13:30:44.574131,109.13,111.87,110.12,110.19,4950672,AAPL
2025-06-14 13:30:44.574131,110.19,111.42,110.89,111.19,4661953,AAPL
2025-06-15 13:30:44.574131,111.19,108.89,108.17,108.41,4884232,AAPL
2025-06-16 13:30:44.574131,108.41,109.11,108.34,108.37,2276401,AAPL
2025-06-17 13:30:44.574131,108.37,110.02,107.95,108.49,1482267,AAPL
2025-06-18 13:30:44.574131,108.49,109.55,107.66,109.03,1261425,AAPL
2025-06-19 13:30:44.574131,109.03,107.57,105.07,107.13,4162892,AAPL
2025-06-20 13:30:44.574131,107.13,111.02,109.11,109.4,1931837,AAPL
2025-06-21 13:30:44.574131,109.4,112.19,111.35,111.4,4195132,AAPL
2025-06-22 13:30:44.574131,111.4,111.86,107.77,110.3,4494708,AAPL
2025-06-23 13:30:44.574131,110.3,111.4,107.63,109.56,3950329,AAPL
2025-06-24 13:30:44.574131,109.56,109.0,107.23,108.69,2185232,AAPL
2025-06-25 13:30:44.574131,108.69,108.81,105.46,106.75,3718589,AAPL
2025-06-26 13:30:44.574131,106.75,109.14,108.85,108.9,3453645,AAPL
2025-06-27 13:30:44.574131,108.9,111.72,108.64,110.43,3050754,AAPL
2025-06-28 13:30:44.574131,110.43,109.65,108.39,109.07,4118337,AAPL
2025-06-29 13:30:44.574131,109.07,108.45,107.74,107.92,4876410,AAPL
2025-06-30 13:30:44.574131,107.92,111.67,110.11,111.04,4263332,AAPL
2025-07-01 13:30:44.574131,111.04,112.93,111.35,112.14,3147897,AAPL
2025-07-02 13:30:44.574131,112.14,117.74,114.96,115.67,4554992,AAPL
2025-07-03 13:30:44.574131,115.67,115.45,113.58,114.83,3203429,AAPL
2025-07-04 13:30:44.574131,114.83,115.39,112.9,114.48,3893680,AAPL
2025-07-05 13:30:44.574131,114.48,113.81,112.85,112.86,1880732,AAPL
2025-07-06 13:30:44.574131,112.86,112.0,111.73,111.75,2922346,AAPL
2025-07-07 13:30:44.574131,111.75,115.84,114.07,114.46,2391236,AAPL
2025-07-08 13:30:44.574131,114.46,118.22,115.4,116.08,4189704,AAPL
2025-07-09 13:30:44.574131,116.08,116.38,114.82,115.3,4469176,AAPL
2025-07-10 13:30:44.574131,115.3,117.85,116.0,117.25,3474445,AAPL
2025-07-11 13:30:44.574131,117.25,120.83,119.48,120.05,4523483,AAPL
2025-07-12 13:30:44.574131,120.05,119.89,118.27,119.71,1643039,AAPL
2025-07-13 13:30:44.574131,119.71,118.31,117.34,117.82,3029870,AAPL
2025-07-14 13:30:44.574131,117.82,118.38,116.72,118.33,3536022,AAPL
2025-07-15 13:30:44.574131,118.33,121.95,119.89,120.15,1427922,AAPL
2025-07-16 13:30:44.574131,120.15,122.72,120.7,120.81,3530487,AAPL
2025-07-17 13:30:44.574131,120.81,121.76,121.05,121.54,1271348,AAPL
2025-07-18 13:30:44.574131,121.54,125.49,124.05,124.22,2383532,AAPL
2025-07-19 13:30:44.574131,124.22,123.13,122.38,122.54,4486147,AAPL
2025-07-20 13:30:44.574131,122.54,121.69,119.33,121.23,3733181,AAPL
2025-07-21 13:30:44.574131,121.23,123.19,120.64,121.13,4988498,AAPL
2025-07-22 13:30:44.574131,121.13,120.27,117.17,117.68,3774728,AAPL
2025-07-23 13:30:44.574131,117.68,117.87,115.03,116.56,2093038,AAPL
2025-07-24 13:30:44.574131,116.56,118.25,115.95,118.13,2590377,AAPL
2025-07-25 13:30:44.574131,118.13,116.7,115.43,115.67,1919818,AAPL
2025-07-26 13:30:44.574131,115.67,114.46,112.74,112.83,4872773,AAPL
2025-07-27 13:30:44.574131,112.83,115.72,115.14,115.41,4106387,AAPL
2025-07-28 13:30:44.574131,115.41,117.3,116.03,116.78,1524979,AAPL
2025-07-29 13:30:44.574131,116.78,121.44,119.35,119.94,2926089,AAPL
2025-07-30 13:30:44.574131,119.94,120.51,118.33,118.38,1256835,AAPL
2025-07-31 13:30:44.574131,118.38,116.88,114.4,115.05,4190236,AAPL
2025-08-01 13:30:44.574131,115.05,116.24,113.57,114.08,3400082,AAPL
2025-08-02 13:30:44.574131,114.08,109.72,107.42,108.61,4440489,AAPL
2025-08-03 13:30:44.574131,108.61,106.61,106.56,106.56,3472622,AAPL
2025-08-04 13:30:44.574131,106.56,104.69,102.29,104.15,1039083,AAPL
2025-08-05 13:30:44.574131,104.15,106.77,104.37,104.63,1132812,AAPL
2025-08-06 13:30:44.574131,104.63,103.44,102.5,103.26,1530863,AAPL
2025-08-07 13:30:44.574131,103.26,107.71,106.41,107.02,1669930,AAPL
2025-08-08 13:30:44.574131,107.02,108.6,107.44,108.3,3825902,AAPL
2025-08-09 13:30:44.574131,108.3,109.19,107.73,108.48,3856347,AAPL
2025-08-10 13:30:44.574131,108.48,110.03,108.2,109.39,4259300,AAPL
2025-08-11 13:30:44.574131,109.39,112.55,110.0,112.33,3105610,AAPL
2025-08-12 13:30:44.574131,112.33,111.25,110.61,110.84,1241408,AAPL
2025-08-13 13:30:44.574131,110.84,109.98,109.1,109.45,4903461,AAPL
2025-08-14 13:30:44.574131,109.45,111.57,109.85,110.43,4158794,AAPL
2025-08-15 13:30:44.574131,110.43,112.8,108.53,110.43,1913818,AAPL
2025-08-16 13:30:44.574131,110.43,112.71,110.82,111.45,3720912,AAPL
2025-08-17 13:30:44.574131,111.45,112.78,110.49,110.93,3970826,AAPL
2025-08-18 13:30:44.574131,110.93,114.52,111.41,112.43,2484155,AAPL
2025-08-19 13:30:44.574131,112.43,114.17,111.08,112.99,2946675,AAPL
2025-08-20 13:30:44.574131,112.99,113.83,111.36,112.01,3369401,AAPL
2025-08-21 13:30:44.574131,112.01,116.96,114.65,115.37,3863299,AAPL
2025-08-22 13:30:44.574131,115.37,116.72,116.0,116.34,2969111,AAPL
2025-08-23 13:30:44.574131,116.34,118.1,116.76,117.66,2436933,AAPL
2025-08-24 13:30:44.574131,117.66,112.3,110.66,111.02,2564326,AAPL
2025-08-25 13:30:44.574131,111.02,109.46,107.69,108.2,4879284,AAPL
2025-08-26 13:30:44.574131,108.2,110.7,108.71,109.0,1293986,AAPL
2025-08-27 13:30:44.574131,109.0,110.63,108.14,109.23,2723550,AAPL
2025-08-28 13:30:44.574131,109.23,108.9,106.7,108.2,3827108,AAPL
2025-08-29 13:30:44.574131,108.2,107.88,107.16,107.5,4376681,AAPL
2025-08-30 13:30:44.574131,107.5,112.43,110.57,112.02,4473085,AAPL
2025-08-31 13:30:44.574131,112.02,111.71,111.42,111.5,3124678,AAPL
2025-09-01 13:30:44.574131,111.5,111.61,110.31,111.47,4735500,AAPL
2025-09-02 13:30:44.574131,111.47,113.93,110.68,111.7,2818959,AAPL
2025-09-03 13:30:44.574131,111.7,114.89,109.22,112.53,3667457,AAPL
2025-09-04 13:30:44.574131,112.53,116.28,114.37,115.08,4879648,AAPL
2025-09-05 13:30:44.574131,115.08,113.02,111.98,112.71,2775000,AAPL
2025-09-06 13:30:44.574131,112.71,112.58,111.36,112.34,4778456,AAPL
2025-09-07 13:30:44.574131,112.34,113.54,111.23,113.51,3471388,AAPL
2025-09-08 13:30:44.574131,113.51,115.22,112.76,114.02,1862700,AAPL
2025-09-09 13:30:44.574131,114.02,118.06,114.88,116.79,3604931,AAPL
2025-09-10 13:30:44.574131,116.79,118.44,117.48,117.55,4483013,AAPL
2025-09-11 13:30:44.574131,117.55,118.79,116.68,118.38,3953796,AAPL
2025-09-12 13:30:44.574131,118.38,119.0,116.46,117.86,4231383,AAPL
2025-09-13 13:30:44.574131,117.86,115.86,114.3,115.03,2742333,AAPL
2025-09-14 13:30:44.574131,115.03,114.89,114.54,114.74,2298343,AAPL
2025-09-15 13:30:44.574131,114.74,116.3,112.95,114.83,3781868,AAPL
2025-09-16 13:30:44.574131,114.83,115.04,111.9,112.62,1909078,AAPL
2025-09-17 13:30:44.574131,112.62,109.88,108.92,109.69,3672851,AAPL
2025-09-18 13:30:44.574131,109.69,110.67,107.17,108.24,3076327,AAPL
2025-09-19 13:30:44.574131,108.24,108.08,107.57,107.59,2364991,AAPL
2025-09-20 13:30:44.574131,107.59,106.37,103.58,104.65,3431620,AAPL
2025-09-21 13:30:44.574131,104.65,110.56,109.18,109.81,3872492,AAPL
2025-09-22 13:30:44.574131,109.81,111.85,111.42,111.53,1241069,AAPL
2025-09-23 13:30:44.574131,111.53,111.66,110.83,111.45,1405683,AAPL
2025-09-24 13:30:44.574131,111.45,107.84,106.67,107.73,4212103,AAPL
2025-09-25 13:30:44.574131,107.73,107.42,104.99,105.41,3441335,AAPL
2025-09-26 13:30:44.574131,105.41,104.35,102.36,103.37,1724597,AAPL
2025-09-27 13:30:44.574131,103.37,103.96,102.39,102.96,3100653,AAPL
2025-09-28 13:30:44.574131,102.96,102.1,100.15,101.77,4851707,AAPL
2025-09-29 13:30:44.574131,101.77,104.16,102.64,102.72,3200906,AAPL
2025-09-30 13:30:44.574131,102.72,103.47,102.9,103.03,4276755,AAPL
2025-10-01 13:30:44.574131,103.03,104.5,103.78,104.2,1848179,AAPL
2025-10-02 13:30:44.574131,104.2,103.1,100.07,101.33,4122102,AAPL
2025-10-03 13:30:44.574131,101.33,100.78,99.42,99.98,2694953,AAPL
2025-10-04 13:30:44.574131,99.98,98.95,97.85,98.68,3346433,AAPL
2025-10-05 13:30:44.574131,98.68,103.5,102.21,102.96,4451188,AAPL
2025-10-06 13:30:44.574131,102.96,102.77,102.59,102.63,3428376,AAPL
2025-10-07 13:30:44.574131,102.63,103.96,102.11,102.38,2563623,AAPL
2025-10-08 13:30:44.574131,102.38,104.89,101.43,102.25,2712798,AAPL
2025-10-09 13:30:44.574131,102.25,106.69,104.49,105.66,4965023,AAPL
2025-10-10 13:30:44.574131,105.66,108.65,106.51,106.91,1342632,AAPL
2025-10-11 13:30:44.574131,106.91,107.7,105.77,106.53,2419985,AAPL
2025-10-12 13:30:44.574131,106.53,107.48,106.41,106.65,4520316,AAPL
2025-10-13 13:30:44.574131,106.65,103.87,101.2,103.39,2297335,AAPL
2025-10-14 13:30:44.574131,103.39,107.26,104.21,105.98,2860822,AAPL
2025-10-15 13:30:44.574131,105.98,107.02,106.19,106.92,4830501,AAPL
2025-10-16 13:30:44.574131,106.92,109.12,107.94,108.13,1386705,AAPL
2025-10-17 13:30:44.574131,108.13,106.79,104.8,105.12,2390286,AAPL
2025-10-18 13:30:44.574131,105.12,108.12,106.3,107.47,4969934,AAPL
2025-10-19 13:30:44.574131,107.47,106.92,106.01,106.84,4368133,AAPL
2025-10-20 13:30:44.574131,106.84,112.29,111.64,111.85,1510853,AAPL
2025-10-21 13:30:44.574131,111.85,111.78,110.57,111.22,3834978,AAPL
2025-10-22 13:30:44.574131,111.22,110.98,107.51,109.52,2587926,AAPL
2025-10-23 13:30:44.574131,109.52,113.08,109.44,110.69,3062717,AAPL
2025-10-24 13:30:44.574131,110.69,111.66,110.64,110.73,2522493,AAPL
2025-10-25 13:30:44.574131,110.73,111.2,109.91,110.57,2218716,AAPL
2025-10-26 13:30:44.574131,110.57,111.07,109.65,110.24,2384398,AAPL
2025-10-27 13:30:44.574131,110.24,108.37,108.13,108.31,4289922,AAPL
2025-10-28 13:30:44.574131,108.31,109.2,106.81,108.31,1699354,AAPL
2025-10-29 13:30:44.574131,108.31,112.34,109.51,109.58,1585495,AAPL
2025-10-30 13:30:44.574131,109.58,108.5,108.23,108.29,4863288,AAPL
2025-10-31 13:30:44.574131,108.29,111.47,108.79,109.5,3024567,AAPL
2025-11-01 13:30:44.574131,109.5,107.65,106.19,107.49,3478351,AAPL
2025-11-02 13:30:44.574131,107.49,109.89,108.38,108.84,1245398,AAPL
2025-11-03 13:30:44.574131,108.84,110.04,108.27,108.43,4934715,AAPL
2025-11-04 13:30:44.574131,108.43,108.36,107.31,107.75,1485539,AAPL
2025-11-05 13:30:44.574131,107.75,106.8,106.07,106.48,3037688,AAPL
2025-11-06 13:30:44.574131,106.48,108.54,105.92,106.9,3495583,AAPL
2025-11-07 13:30:44.574131,106.9,102.44,100.1,101.49,2471037,AAPL
2025-11-08 13:30:44.574131,101.49,102.31,100.77,101.09,3934457,AAPL
2025-11-09 13:30:44.574131,101.09,102.56,99.42,99.97,3141240,AAPL
2025-11-10 13:30:44.574131,99.97,101.81,100.77,100.8,3191837,AAPL
2025-11-11 13:30:44.574131,100.8,103.43,103.24,103.27,1600194,AAPL
2025-11-12 13:30:44.574131,103.27,102.58,100.52,101.39,2904072,AAPL
2025-11-13 13:30:44.574131,101.39,100.25,97.21,98.66,4568338,AAPL
2025-11-14 13:30:44.574131,98.66,99.42,97.19,98.3,2750412,AAPL
2025-11-15 13:30:44.574131,98.3,100.16,97.53,99.68,3637415,AAPL
2025-11-16 13:30:44.574131,99.68,98.79,97.73,98.52,3455734,AAPL
2025-11-17 13:30:44.574131,98.52,99.38,98.18,98.63,3048887,AAPL
2025-11-18 13:30:44.574131,98.63,97.57,97.26,97.35,1339168,AAPL
2025-11-19 13:30:44.574131,97.35,96.86,95.38,96.68,2398812,AAPL
2025-11-20 13:30:44.574131,96.68,95.5,93.75,94.85,1740782,AAPL
2025-11-21 13:30:44.574131,94.85,97.85,96.18,97.15,3498654,AAPL
2025-11-22 13:30:44.574131,97.15,96.93,95.25,95.73,1485545,AAPL
2025-11-23 13:30:44.574131,95.73,98.86,97.87,98.32,1167804,AAPL
2025-11-24 13:30:44.574131,98.32,104.12,100.78,102.62,3992292,AAPL
2025-11-25 13:30:44.574131,102.62,104.89,103.4,103.78,4712334,AAPL
2025-11-26 13:30:44.574131,103.78,102.7,100.78,102.09,2728307,AAPL
2025-11-27 13:30:44.574131,102.09,107.51,106.1,106.34,4547699,AAPL
2025-11-28 13:30:44.574131,106.34,107.22,104.84,105.8,4263787,AAPL
2025-11-29 13:30:44.574131,105.8,105.8,105.24,105.5,4367994,AAPL
2025-11-30 13:30:44.574131,105.5,109.92,108.15,108.95,3624647,AAPL
2025-12-01 13:30:44.574131,108.95,110.82,108.96,109.4,4271141,AAPL
2025-12-02 13:30:44.574131,109.4,108.06,106.41,108.03,4362812,AAPL
2025-12-03 13:30:44.574131,108.03,110.6,108.49,108.75,2190193,AAPL
2025-12-04 13:30:44.574131,108.75,116.53,113.75,114.46,4493291,AAPL
2025-12-05 13:30:44.574131,114.46,118.26,117.31,117.47,1037326,AAPL
2025-12-06 13:30:44.574131,117.47,115.6,113.59,114.65,4967239,AAPL
2025-12-07 13:30:44.574131,114.65,115.2,113.57,114.23,3220339,AAPL
2025-12-08 13:30:44.574131,114.23,116.46,113.96,115.63,1752098,AAPL
2025-12-09 13:30:44.574131,115.63,119.18,118.3,118.46,4043963,AAPL
2025-12-10 13:30:44.574131,118.46,120.27,117.24,118.55,1595552,AAPL
2025-12-11 13:30:44.574131,118.55,120.77,118.25,120.32,4544783,AAPL
2025-12-12 13:30:44.574131,120.32,121.45,117.68,119.42,2650487,AAPL
2025-12-13 13:30:44.574131,119.42,117.3,115.2,115.84,3569302,AAPL
2025-12-14 13:30:44.574131,115.84,121.98,120.98,121.82,3245938,AAPL
2025-12-15 13:30:44.574131,121.82,128.44,125.61,126.91,2079282,AAPL
2025-12-16 13:30:44.574131,126.91,128.48,126.79,128.47,1308233,AAPL
2025-12-17 13:30:44.574131,128.47,128.68,127.21,128.1,4154459,AAPL
2025-12-18 13:30:44.574131,128.1,134.23,129.57,130.61,1589810,AAPL
2025-12-19 13:30:44.574131,130.61,131.21,128.7,128.8,3392901,AAPL
2025-12-20 13:30:44.574131,128.8,128.8,127.81,128.56,2684992,AAPL
2025-12-21 13:30:44.574131,128.56,132.53,131.46,131.76,4359209,AAPL
2025-12-22 13:30:44.574131,131.76,130.85,126.79,129.3,3351077,AAPL
2025-12-23 13:30:44.574131,129.3,129.53,127.92,128.1,2194902,AAPL
2025-12-24 13:30:44.574131,128.1,124.91,123.39,123.63,4367734,AAPL
2025-12-25 13:30:44.574131,123.63,125.63,123.5,124.96,1533919,AAPL
2025-12-26 13:30:44.574131,124.96,118.09,117.4,117.85,2985844,AAPL
2025-12-27 13:30:44.574131,117.85,122.38,121.09,121.82,3440900,AAPL
2025-12-28 13:30:44.574131,121.82,123.51,122.32,123.02,3627820,AAPL
2025-12-29 13:30:44.574131,123.02,123.09,121.76,122.84,4625018,AAPL
2025-12-30 13:30:44.574131,122.84,121.88,119.75,120.87,4037593,AAPL
2025-12-31 13:30:44.574131,120.87,124.88,124.51,124.54,1134454,AAPL
2026-01-01 13:30:44.574131,124.54,122.86,121.35,122.74,2644382,AAPL
2026-01-02 13:30:44.574131,122.74,124.96,124.53,124.61,4747289,AAPL
2026-01-03 13:30:44.574131,124.61,126.1,125.2,125.96,2040631,AAPL
2026-01-04 13:30:44.574131,125.96,129.63,127.65,128.02,2855729,AAPL
2026-01-05 13:30:44.574131,128.02,124.71,124.18,124.61,2398025,AAPL
2026-01-06 13:30:44.574131,124.61,123.84,122.6,122.84,3093563,AAPL
2026-01-07 13:30:44.574131,122.84,126.1,125.54,125.73,3831340,AAPL
2026-01-08 13:30:44.574131,125.73,123.82,122.38,123.71,1663098,AAPL
2026-01-09 13:30:44.574131,123.71,117.07,114.2,116.54,2647062,AAPL
2026-01-10 13:30:44.574131,116.54,120.47,118.02,118.04,4225614,AAPL
2026-01-11 13:30:44.574131,118.04,117.14,116.32,116.38,4145112,AAPL
2026-01-12 13:30:44.574131,116.38,115.86,114.38,114.94,4027006,AAPL
2026-01-13 13:30:44.574131,114.94,114.44,112.7,112.8,4511320,AAPL
2026-01-14 13:30:44.574131,112.8,113.96,111.21,112.2,3154807,AAPL
2026-01-15 13:30:44.574131,112.2,113.18,112.08,112.08,3627120,AAPL
2026-01-16 13:30:44.574131,112.08,112.46,111.06,111.18,2148551,AAPL
2026-01-17 13:30:44.574131,111.18,108.43,106.56,108.04,3538329,AAPL
2026-01-18 13:30:44.574131,108.04,108.5,107.06,107.13,1631819,AAPL
2026-01-19 13:30:44.574131,107.13,110.08,108.29,109.01,2267046,AAPL
2026-01-20 13:30:44.574131,109.01,108.77,107.3,108.33,2761293,AAPL
2026-01-21 13:30:44.574131,108.33,110.11,109.08,109.31,4529665,AAPL
2026-01-22 13:30:44.574131,109.31,110.96,109.33,109.41,4936441,AAPL
2026-01-23 13:30:44.574131,109.41,111.73,108.88,110.46,1663819,AAPL
2026-01-24 13:30:44.574131,110.46,111.19,108.79,110.1,3877414,AAPL
2026-01-25 13:30:44.574131,110.1,116.79,115.17,115.86,4432708,AAPL
2026-01-26 13:30:44.574131,115.86,117.84,115.14,116.31,2884671,AAPL
2026-01-27 13:30:44.574131,116.31,119.21,117.46,119.02,2431193,AAPL
2026-01-28 13:30:44.574131,119.02,122.19,120.94,122.16,3848056,AAPL
2026-01-29 13:30:44.574131,122.16,121.67,120.49,120.99,2391765,AAPL
2026-01-30 13:30:44.574131,120.99,125.36,123.44,124.96,2409499,AAPL
2026-01-31 13:30:44.574131,124.96,128.96,127.25,128.82,4916419,AAPL
2026-02-01 13:30:44.574131,128.82,126.97,125.07,126.56,3745308,AAPL
2026-02-02 13:30:44.574131,126.56,130.15,128.95,129.63,4348164,AAPL
2026-02-03 13:30:44.574131,129.63,133.73,131.79,131.95,2221242,AAPL
2026-02-04 13:30:44.574131,131.95,138.55,135.33,137.14,4753219,AAPL
2026-02-05 13:30:44.574131,137.14,138.84,137.29,138.17,2041147,AAPL
2026-02-06 13:30:44.574131,138.17,141.69,140.38,141.3,3241762,AAPL
2026-02-07 13:30:44.574131,141.3,142.37,139.44,141.0,3186592,AAPL
2026-02-08 13:30:44.574131,141.0,141.09,140.64,140.73,1442882,AAPL
2026-02-09 13:30:44.574131,140.73,139.42,138.83,139.29,2120149,AAPL
2026-02-10 13:30:44.574131,139.29,140.5,138.84,139.89,4643080,AAPL
2026-02-11 13:30:44.574131,139.89,142.9,140.7,142.03,4317578,AAPL
2026-02-12 13:30:44.574131,142.03,146.14,144.63,145.19,1450321,AAPL
2026-02-13 13:30:44.574131,145.19,149.02,146.0,146.33,1049616,AAPL
2026-02-14 13:30:44.574131,146.33,148.12,144.95,145.38,3393429,AAPL
2026-02-15 13:30:44.574131,145.38,143.91,141.03,142.39,4569209,AAPL
2026-02-16 13:30:44.574131,142.39,148.41,146.37,147.33,1138681,AAPL
2026-02-17 13:30:44.574131,147.33,149.32,146.24,147.61,1375429,AAPL
2026-02-18 13:30:44.574131,147.61,148.78,147.43,148.39,4317147,AAPL
2026-02-19 13:30:44.574131,148.39,150.51,144.99,149.02,2267786,AAPL
2026-02-20 13:30:44.574131,149.02,153.34,150.59,151.12,3407693,AAPL
2026-02-21 13:30:44.574131,151.12,152.21,148.35,150.78,3366788,AAPL
2026-02-22 13:30:44.574131,150.78,156.39,153.61,154.82,3049455,AAPL
2026-02-23 13:30:44.574131,154.82,155.43,150.79,154.13,4802124,AAPL
2026-02-24 13:30:44.574131,154.13,155.94,152.73,153.67,3025064,AAPL
2026-02-25 13:30:44.574131,153.67,152.13,150.7,151.83,2889973,AAPL
2026-02-26 13:30:44.574131,151.83,148.22,144.84,147.9,1784390,AAPL
2026-02-27 13:30:44.574131,147.9,144.61,143.4,143.52,1022023,AAPL
2026-02-28 13:30:44.574131,143.52,140.92,138.6,139.41,3288194,AAPL
2026-03-01 13:30:44.574131,139.41,134.41,134.04,134.25,1348371,AAPL
2026-03-02 13:30:44.574131,134.25,137.33,135.76,136.12,2380892,AAPL
2026-03-03 13:30:44.574131,136.12,139.15,136.47,139.12,4971267,AAPL
2026-03-04 13:30:44.574131,139.12,139.57,138.11,139.02,2578304,AAPL
2026-03-05 13:30:44.574131,139.02,136.2,133.72,134.08,3431620,AAPL
2026-03-06 13:30:44.574131,134.08,136.75,134.77,135.51,4820242,AAPL
2026-03-07 13:30:44.574131,135.51,134.46,132.1,134.26,1457950,AAPL
2026-03-08 13:30:44.574131,134.26,137.88,133.72,136.74,2476212,AAPL
2026-03-09 13:30:44.574131,136.74,137.58,136.05,136.23,1320720,AAPL
2026-03-10 13:30:44.574131,136.23,137.21,136.28,136.51,3674290,AAPL
2026-03-11 13:30:44.574131,136.51,135.49,133.47,133.6,3544384,AAPL
2026-03-12 13:30:44.574131,133.6,133.99,132.7,133.72,4494794,AAPL
2026-03-13 13:30:44.574131,133.72,132.62,130.63,132.15,1046826,AAPL
2026-03-14 13:30:44.574131,132.15,134.75,131.64,132.5,2944001,AAPL
2026-03-15 13:30:44.574131,132.5,131.23,130.9,131.11,2372669,AAPL
2026-03-16 13:30:44.574131,131.11,129.58,126.83,128.48,4382417,AAPL
2026-03-17 13:30:44.574131,128.48,129.14,125.37,126.89,2225253,AAPL
2026-03-18 13:30:44.574131,126.89,129.63,127.43,129.28,4193521,AAPL
2026-03-19 13:30:44.574131,129.28,130.43,129.92,130.09,2275467,AAPL
2026-03-20 13:30:44.574131,130.09,134.7,130.72,132.27,3404296,AAPL
2026-03-21 13:30:44.574131,132.27,136.59,133.59,135.07,2722117,AAPL
2026-03-22 13:30:44.574131,135.07,135.32,133.45,134.02,1101791,AAPL
2026-03-23 13:30:44.574131,134.02,139.52,136.83,137.6,2638515,AAPL
2026-03-24 13:30:44.574131,137.6,138.62,135.47,137.1,3423116,AAPL
2026-03-25 13:30:44.574131,137.1,134.57,133.74,133.78,3753096,AAPL
2026-03-26 13:30:44.574131,133.78,134.66,133.05,134.6,1110146,AAPL
2026-03-27 13:30:44.574131,134.6,136.14,135.54,136.13,1123823,AAPL
2026-03-28 13:30:44.574131,136.13,137.4,135.41,135.9,1093408,AAPL
2026-03-29 13:30:44.574131,135.9,137.43,134.51,135.27,1464555,AAPL
2026-03-30 13:30:44.574131,135.27,134.66,134.23,134.54,4553614,AAPL
2026-03-31 13:30:44.574131,134.54,138.27,137.61,137.76,2542047,AAPL
2026-04-01 13:30:44.574131,137.76,139.8,136.23,139.06,1616580,AAPL
